id	name	region	form	face	outfit	features	role
gwisin-bride	처녀귀신	KOREA	SHROUD	VEIL	HANBOK	LONG_HAIR,RIBBON,VEIL	객실 복도
mongdal	몽달귀신	KOREA	TALL	HOLLOW	HANBOK	TOPKNOT,LANTERN,SASH	빈 연회장
water-gwisin	물귀신	KOREA	SHROUD	WEEPING	RAGS	WET_HAIR,CHAINS,WEBBED	침수 지하실
egg-face	달걀귀신	KOREA	SLENDER	FACELESS	SUIT	SMOOTH_MASK,KEYS,LONG_FINGERS	거울 복도
eoduksini	어둑시니	KOREA	GIANT	MANY_EYES	SHROUD	SHADOW_SPIKES,LONG_ARMS,CROWN	불 꺼진 계단
gumiho	구미호	KOREA	SLENDER	FOX	HANBOK	FOX_EARS,NINE_TAILS,BEADS	붉은 정원
dokkaebi	도깨비	KOREA	STOCKY	GRIN	VEST	CLUB,ONE_HORN,STRAW_CAPE	설비실
bulgasari	불가사리	KOREA	BEAST	FANGED	ARMOR	IRON_PLATES,TUSKS,SCALES	보일러실
jangsanbeom	장산범	KOREA	BEAST	HUMAN_MASK	FUR	MANE,LONG_CLAWS,WHITE_MASK	숲 연결 통로
dueoksini	두억시니	KOREA	GIANT	SPLIT	RAGS	TWO_HORNS,SHOULDER_SPIKES,CLUB	봉인 창고
jeoseung	저승사자	KOREA	TALL	HOLLOW	ROBE	GAT,SCROLL,BEADS	체크아웃 로비
gangcheori	강철이	KOREA	SERPENT	FANGED	SCALES	ANTLERS,DORSAL_SPINES,SMOKE	지붕 수로
yurei	유레이	JAPAN	SHROUD	VEIL	KIMONO	LONG_HAIR,TRIANGLE_HEADBAND,WISP_TAIL	별관 객실
yuki-onna	유키온나	JAPAN	SHROUD	WEEPING	KIMONO	ICE_CROWN,FROST_SHARDS,VEIL	냉동 창고
rokurokubi	로쿠로쿠비	JAPAN	LONG_NECK	GRIN	KIMONO	LONG_HAIR,NECK_RINGS,FAN	천장 점검구
nukekubi	누케쿠비	JAPAN	FLOATING_HEAD	FANGED	NONE	LONG_HAIR,WISP_TAIL,BEADS	환풍구
nopperabo	놋페라보	JAPAN	SLENDER	FACELESS	KIMONO	SMOOTH_MASK,UMBRELLA,SASH	우산 보관실
kuchisake	구치사케온나	JAPAN	TALL	SPLIT	COAT	SCISSORS,FACE_CLOTH,LONG_HAIR	이발실
oni	오니	JAPAN	GIANT	FANGED	VEST	TWO_HORNS,CLUB,TIGER_STRIPES	중앙 홀
tengu	텐구	JAPAN	WINGED	LONG_NOSE	ROBE	FEATHER_WINGS,FAN,CAP	종탑
kappa	갓파	JAPAN	STOCKY	BEAK	SHELL	HEAD_DISH,SHELL,WEBBED	목욕탕
nekomata	네코마타	JAPAN	BEAST	CAT	FUR	CAT_EARS,TWO_TAILS,LANTERN	연회장 주방
bakeneko	바케네코	JAPAN	SLENDER	CAT	KIMONO	CAT_EARS,ONE_TAIL,BELL	찻집
jorogumo	조로구모	JAPAN	ARACHNID	HUMAN_MASK	KIMONO	SPIDER_LEGS,HAIR_PIN,WEB_CROWN	천장 샹들리에
tsuchigumo	쓰치구모	JAPAN	ARACHNID	MANY_EYES	SCALES	SPIDER_LEGS,FANGS,DORSAL_SPINES	기초 공사장
karakasa	가라카사	JAPAN	UMBRELLA	SINGLE_EYE	PAPER	TONGUE,ONE_LEG,PAPER_RIBS	우산 창고
chochin	초친오바케	JAPAN	LANTERN	SPLIT	PAPER	TONGUE,LANTERN_RIBS,CHAIN_HANDLE	정문 처마
ittan-momen	잇탄모멘	JAPAN	RIBBON	HOLLOW	PAPER	RIBBON,WISP_TAIL,TORN_HEM	세탁실
nurikabe	누리카베	JAPAN	WALL	HOLLOW	STONE	STONE_BLOCKS,SHORT_ARMS,MOSS	막힌 복도
gashadokuro	가샤도쿠로	JAPAN	SKELETON	SKULL	NONE	RIBS,LONG_FINGERS,SKULL_CROWN	지하 납골실
ushioni	우시오니	JAPAN	ARACHNID	BULL	FUR	SPIDER_LEGS,TWO_HORNS,MANE	배수로
wanyudo	와뉴도	JAPAN	WHEEL	GRIN	WOOD	WHEEL_SPOKES,FLAME_CROWN,CHAINS	화물 승강기
futakuchi	후타쿠치온나	JAPAN	SLENDER	BACK_MOUTH	KIMONO	LONG_HAIR,HAIR_ARMS,HAIR_PIN	식당
dodomeki	도도메키	JAPAN	TALL	MANY_EYES	ROBE	ARM_EYES,LONG_ARMS,BEADS	도난품 창고
akaname	아카나메	JAPAN	CRAWLER	GRIN	RAGS	TONGUE,LONG_CLAWS,ONE_HORN	청소 도구실
umibozu	우미보즈	JAPAN	GIANT	HOLLOW	SHROUD	SMOOTH_MASK,WAVE_COLLAR,WISP_TAIL	지하 저수조
jiangshi	강시	CHINA	STOCKY	HOLLOW	ROBE	TALISMAN,CAP,STIFF_ARMS	부적 보관실
huli-jing	후리징	CHINA	SLENDER	FOX	ROBE	FOX_EARS,THREE_TAILS,JADE_ORB	골동품 객실
baigujing	백골정	CHINA	SKELETON	HALF_MASK	ROBE	RIBS,FAN,HAIR_PIN	분장실
nian	니엔	CHINA	BEAST	BULL	SCALES	TWO_HORNS,MANE,ONE_TAIL	새해 연회장
hei-wuchang	흑무상	CHINA	STOCKY	HOLLOW	ROBE	TALL_HAT,CHAINS,SCROLL	직원 출입구
bai-wuchang	백무상	CHINA	TALL	GRIN	ROBE	TALL_HAT,TONGUE,FAN	객실 출입구
shui-gui	수이구이	CHINA	SHROUD	WEEPING	ROBE	WET_HAIR,WEBBED,JADE_ORB	실내 연못
huapi	화피	CHINA	SLENDER	HALF_MASK	ROBE	PEEL_MASK,FAN,LONG_FINGERS	초상화 복도
pontianak	폰티아낙	MALAY_ARCHIPELAGO	SHROUD	VEIL	DRESS	LONG_HAIR,FLOWER_CROWN,LONG_CLAWS	향수 객실
penanggalan	페낭갈란	MALAY_ARCHIPELAGO	FLOATING_HEAD	FANGED	NONE	WISP_TAIL,BEADS,WET_HAIR	천장 배관
pocong	포총	INDONESIA	BOUND	HOLLOW	SHROUD	HEAD_KNOT,BINDINGS,TORN_HEM	린넨 창고
aswang	아스왕	PHILIPPINES	CRAWLER	FANGED	RAGS	BAT_WINGS,LONG_CLAWS,ONE_TAIL	주방 후문
krasue	끄라스	THAILAND	FLOATING_HEAD	WEEPING	NONE	WISP_TAIL,FLOWER_CROWN,LONG_HAIR	야간 정원
krahang	끄라항	THAILAND	WINGED	GRIN	VEST	BASKET_WINGS,BROOM_TAIL,HEADBAND	곡물 창고
phi-pop	피폽	THAILAND	HUNCHED	FANGED	RAGS	LONG_FINGERS,BEADS,WET_HAIR	폐쇄 주방
phi-tai-hong	피타이홍	THAILAND	SHROUD	CRACKED	RAGS	BINDINGS,SHADOW_SPIKES,WISP_TAIL	폐쇄 계단
mae-nak	매낙	THAILAND	LONG_ARM	WEEPING	DRESS	LONG_ARMS,WRAPPED_BUNDLE,FLOWER_CROWN	가족 객실
toyol	토욜	MALAY_ARCHIPELAGO	SMALL	GRIN	VEST	COIN_BAG,BIG_EARS,BEADS	금고실
orang-minyak	오랑미냑	MALAY_ARCHIPELAGO	SLENDER	HOLLOW	OIL	LONG_FINGERS,SMOKE,FACE_CLOTH	기계실
manananggal	마나낭갈	PHILIPPINES	WINGED	FANGED	DRESS	BAT_WINGS,WISP_TAIL,LONG_HAIR	발코니
tikbalang	틱발랑	PHILIPPINES	TALL	HORSE	FUR	MANE,LONG_LEGS,HOOVES	마차 보관소
kapre	카프레	PHILIPPINES	GIANT	GRIN	FUR	PIPE,WOOD_CROWN,LONG_ARMS	거목 중정
vetala	베탈라	SOUTH_ASIA	HUNCHED	SKULL	RAGS	UPSIDE_MASK,RIBS,LONG_CLAWS	매달린 전시실
preta	프레타	SOUTH_ASIA	THIN_NECK	HOLLOW	RAGS	BELLY,RIBS,TINY_MOUTH	굶주린 식당
pishacha	피샤차	SOUTH_ASIA	CRAWLER	FANGED	RAGS	LONG_CLAWS,DORSAL_SPINES,BIG_EARS	폐기물 통로
rakshasa	락샤사	SOUTH_ASIA	GIANT	FANGED	ARMOR	TUSKS,CROWN,FOUR_ARMS	왕실 객실
churel	추렐	SOUTH_ASIA	LONG_ARM	HALF_MASK	DRESS	REVERSED_FEET,LONG_HAIR,BEADS	발자국 복도
brahmadaitya	브라흐다이티야	SOUTH_ASIA	TALL	HOLLOW	ROBE	TOPKNOT,SCROLL,WOOD_CROWN	오래된 서재
ghoul	굴	MIDDLE_EAST	HUNCHED	FANGED	RAGS	LONG_CLAWS,SKULL_CROWN,ONE_TAIL	모래 지하실
ifrit	이프리트	MIDDLE_EAST	GIANT	SPLIT	ARMOR	FLAME_CROWN,TWO_HORNS,SMOKE	화로 홀
jinn	진	MIDDLE_EAST	SHROUD	HOLLOW	ROBE	TURBAN,JADE_ORB,WISP_TAIL	황동 램프방
nasnas	나스나스	MIDDLE_EAST	HALF_BODY	SINGLE_EYE	RAGS	ONE_ARM,ONE_LEG,HALF_MASK	반쪽 거울방
banshee	밴시	EUROPE	SHROUD	WEEPING	DRESS	VEIL,LONG_HAIR,COMB	창가 객실
dullahan	듀라한	EUROPE	HEADLESS	SKULL	COAT	CARRIED_HEAD,CAPE,CHAINS	마차 로비
kelpie	켈피	EUROPE	BEAST	HORSE	FUR	WET_HAIR,HOOVES,ONE_TAIL	물안개 정원
nuckelavee	누켈라비	EUROPE	CENTAUR	SKULL	RAGS	RIBS,LONG_ARMS,HOOVES	바닷가 통로
redcap	레드캡	EUROPE	SMALL	GRIN	COAT	RED_CAP,IRON_BOOTS,HOOK	수리실
barghest	바게스트	EUROPE	BEAST	FANGED	FUR	DOG_EARS,CHAINS,LONG_CLAWS	정문 경비소
boggart	보가트	EUROPE	SMALL	CRACKED	RAGS	BIG_EARS,KEYS,ONE_TAIL	벽장
strigoi	스트리고이	EUROPE	TALL	FANGED	COAT	CAPE,MEDALLION,LONG_FINGERS	와인 저장고
moroi	모로이	EUROPE	SLENDER	HOLLOW	COAT	VEIL,CANDLE,BEADS	촛불 예배실
rusalka	루살카	EUROPE	SHROUD	WEEPING	DRESS	WET_HAIR,FLOWER_CROWN,WEBBED	수련 연못
leshy	레시	EUROPE	GIANT	CRACKED	WOOD	ANTLERS,MOSS,WOOD_CROWN	온실
baba-yaga	바바야가	EUROPE	HUNCHED	LONG_NOSE	ROBE	BROOM,HEADSCARF,LONG_FINGERS	마녀 객실
mare	마레	EUROPE	CRAWLER	HOLLOW	SHROUD	SHADOW_SPIKES,LONG_FINGERS,WISP_TAIL	악몽 침실
poltergeist	폴터가이스트	EUROPE	OBJECT_SWARM	MANY_EYES	WOOD	FLOATING_BOOKS,CHAINS,KEYS	뒤집힌 서재
draugr	드라우그	EUROPE	STOCKY	SKULL	ARMOR	HELMET,RIBS,AXE	갑옷 전시실
headless-horseman	목 없는 기수	EUROPE	HEADLESS	HOLLOW	COAT	PUMPKIN,CAPE,SWORD	안개 마당
tokoloshe	토콜로셰	AFRICA	SMALL	HOLLOW	FUR	BIG_EARS,LONG_CLAWS,BEADS	침대 밑
adze	아제	AFRICA	WINGED	SINGLE_EYE	SCALES	INSECT_WINGS,ANTENNAE,GLOW_ORB	램프 창고
asanbosam	아산보삼	AFRICA	HUNCHED	FANGED	FUR	HOOK_FEET,IRON_TEETH,LONG_ARMS	나무 천장
sasabonsam	사사보삼	AFRICA	WINGED	FANGED	FUR	BAT_WINGS,LONG_LEGS,HOOK_FEET	지붕 박공
popobawa	포포바와	AFRICA	WINGED	SINGLE_EYE	RAGS	BAT_WINGS,TWO_HORNS,LONG_CLAWS	높은 환기실
impundulu	임푼둘루	AFRICA	WINGED	BEAK	FEATHERS	FEATHER_WINGS,CREST,LIGHTNING_SPIKES	폭풍 종탑
la-llorona	라 요로나	AMERICAS	SHROUD	WEEPING	DRESS	VEIL,WET_HAIR,WRAPPED_BUNDLE	강변 객실
el-silbon	엘 실본	AMERICAS	TALL	HOLLOW	COAT	STRAW_HAT,BONE_BAG,LONG_LEGS	긴 산책로
siguanaba	시구아나바	AMERICAS	SLENDER	HORSE	DRESS	LONG_HAIR,VEIL,HOOVES	세면실
cadejo	카데호	AMERICAS	BEAST	FANGED	FUR	DOG_EARS,HOOVES,MANE	밤길 출입구
chupacabra	추파카브라	AMERICAS	HUNCHED	FANGED	SCALES	DORSAL_SPINES,LONG_CLAWS,BIG_EARS	가축 창고
curupira	쿠루피라	AMERICAS	SMALL	GRIN	WOOD	REVERSED_FEET,FLAME_HAIR,LEAF_COLLAR	미로 정원
boitata	보이타타	AMERICAS	SERPENT	MANY_EYES	SCALES	FLAME_CROWN,DORSAL_SPINES,GLOW_ORB	불빛 수로
mapinguari	마핑구아리	AMERICAS	GIANT	SINGLE_EYE	FUR	BELLY_MOUTH,LONG_CLAWS,MANE	폐쇄 동물원
pisadeira	피사데이라	AMERICAS	HUNCHED	GRIN	RAGS	LONG_FINGERS,POINTED_HAT,LONG_NOSE	옥상 침실
la-sayona	라 사요나	AMERICAS	TALL	SKULL	DRESS	LONG_HAIR,VEIL,BLACK_RIBBON	웨딩 홀
